,forecast,actual
0,-1585.702988669464,-150.90000000000143
1,-5459.128909893516,-295.40000000000185
2,-940.0700313473467,2081.600000000006
3,959.0427335027687,-1094.7000000000003
4,18.48282799341505,619.0000000000005
5,1151.0383648721402,601.7999999999957
