,forecast,actual
0,1788.5056122064595,-295.40000000000185
1,-347.95296149849776,601.7999999999957
2,-72.33695235252273,-1094.7000000000003
3,446.36955248117533,2081.600000000006
4,526.9298732578764,-150.90000000000143
5,206.86752331256963,619.0000000000005
