,forecast,actual
0,959.0427335027869,-1094.7000000000003
1,-5459.128909893544,-295.40000000000185
2,-940.0700313474003,2081.600000000006
3,1151.0383648721665,601.7999999999957
4,18.482827993370524,619.0000000000005
5,-1585.7029886694245,-150.90000000000143
