,forecast,actual
0,57441.3,53605.53450807119
1,11764.3,11770.965708816704
2,23823.2,22824.25638682944
3,15327.2,15633.587837099572
4,18687.2,18801.24169593113
