,forecast,actual
0,210.60916148424246,-1094.7000000000003
1,340.15607874989604,-295.40000000000185
2,-296.75732874870187,601.7999999999957
3,-675.4321838915336,619.0000000000005
4,791.9708406806,-150.90000000000143
5,-853.9471045553671,2081.600000000006
