,forecast,actual
0,-410.2218452570133,-1094.7000000000003
1,376.5298390400568,-295.40000000000185
2,647.9268119266238,2081.600000000006
3,-710.9960555895525,601.7999999999957
4,616.4474128748689,619.0000000000005
5,-1337.1347527623789,-150.90000000000143
